origin,category,prompt,function,x,y
en,"whole numbers","Add 10 and 20",add,10,20
en,"whole numbers","Add ten and twenty",add,10,20
en,"whole numbers","What is 2 minus 3?",subtract,2,3
en,"whole numbers","What is two minus three?",subtract,2,3
en,"whole numbers","Calculate 5 times 7",multiply,5,7
en,"whole numbers","Calculate five times 7",multiply,5,7
en,"whole numbers","What is 2 divided by 10",divide,2,10
en,"whole numbers","What is two divided by ten",divide,2,10
en,decimals,"1.5 plus 2.5",add,1.5,2.5
en,decimals,"One point five plus two point five",add,1.5,2.5
en,decimals,"Subtract 1.5 from 2.5",subtract,2.5,1.5
en,decimals,"Subtract one point five from 2.5",subtract,2.5,1.5
en,decimals,"Multiply 8 and 0.25",multiply,8,0.25
en,decimals,"Multiply eight and point two five",multiply,8,0.25
en,decimals,"Divide 50 by 0.1",divide,50,0.1
en,decimals,"Divide fifty by zero-point-one",divide,50,0.1
en,"alternative wordings","Put together eleven and twenty-two",add,11,22
en,"alternative wordings","Combine one hundred and eighty-eight",add,100,88
en,"alternative wordings","Take 37 away from 93",subtract,93,37
en,"alternative wordings","What's sixty less than 600?",subtract,600,60
en,"alternative wordings","Take 39 five times",multiply,39,5
en,"alternative wordings","Square of twenty two",multiply,22,22
en,"alternative wordings","How many times does eight go into one hundred?",divide,100,8
en,"alternative wordings","Seventy five over twenty",divide,75,20
en,units,"Total weight of 15.5 and 19.5 kilos",add,15.5,19.5
en,units,"Time for thirty five point six and thirty three point two seconds",add,35.6,33.2
en,units,"Two eggs short of a dozen",subtract,12,2
en,units,"How many signatures to get from eight hundred to one thousand?",subtract,1000,800
en,units,"Area of a five point five by four meter room",multiply,5.5,4
en,units,"Space filled by twelve 1.5 square-foot tiles",multiply,12,1.5
en,units,"A hundred and five dollars split between five people",divide,105,5
en,units,"How many buckets of 20 apples make two hundred",divide,200,20
en,"whole numbers","Add sixty-four and one hundred and thirty-one",add,64,131
en,"whole numbers","What's two hundred and fifteen plus forty-eight?",add,215,48
en,"whole numbers","Subtract nineteen from eighty-eight",subtract,88,19
en,"whole numbers","What is one hundred and seven take away twenty-nine?",subtract,107,29
en,"whole numbers","Multiply eight hundred and twelve by three",multiply,812,3
en,"whole numbers","What's seven hundred and forty times five?",multiply,740,5
en,"whole numbers","How many times does nine fit into three hundred and fifteen?",divide,315,9
en,"whole numbers","Divide two hundred and eighty-eight by twelve",divide,288,12
en,decimals,"Subtract zero point four two from five point eight",subtract,5.8,0.42
en,decimals,"What's four point seven times three point three?",multiply,4.7,3.3
en,decimals,"What is two hundred point five divided by five point five?",divide,200.5,5.5
en,decimals,"Add zero point eight five to one point one five",add,0.85,1.15
en,decimals,"Take one point two five away from nine point six",subtract,9.6,1.25
en,"alternative wordings","Take twenty-two three times over",multiply,22,3
en,"alternative wordings","Repeat thirty-one six times",multiply,31,6
en,"alternative wordings","What's the square of nineteen?",multiply,19,19
en,"alternative wordings","Square eight for me",multiply,8,8
en,"alternative wordings","Split four hundred and eighty into groups of six",divide,480,6
en,"alternative wordings","Break two hundred and ten into groups of fifteen",divide,210,15
en,"alternative wordings","How many twelve-dollar tickets can I get with 156 dollars?",divide,156,12
en,"alternative wordings","How many six-dollar snacks can I buy with 90 dollars?",divide,90,6
en,units,"We sold 81 tickets in the morning and 60 in the evening; what's the total?",add,81,60
en,units,"I biked twelve point five miles yesterday and nine point five today, what's the total distance?",add,12.5,9.5
en,units,"The jug had 38 liters and I poured out 14, how much remains?",subtract,38,14
en,units,"The race is 260 kilometers and we've covered ninety-five so far, how much is left?",subtract,260,95
en,units,"Each carton holds 30 eggs, how many eggs in twenty-two cartons?",multiply,30,22
en,units,"The garden bed is nine point five feet by six feet, what's the area?",multiply,9.5,6
en,units,"The barrel holds 210 liters, how many 7-liter jugs is that?",divide,210,7
en,units,"We're dividing a 144 dollar tab evenly among six friends",divide,144,6
en,units,"The flight is 1,200 miles, and we've flown three hundred so far; how much further?",subtract,1200,300
en,units,"Add up the two loads: 3.25 tons and 4.75 tons",add,3.25,4.75
en,units,"The pool holds 500 gallons, how many 25-gallon jugs would fill it?",divide,500,25
en,"magnitude variation","0 plus 0",add,0,0
en,"magnitude variation","1 plus 10",add,1,10
en,"magnitude variation","2 plus 20",add,2,20
en,"magnitude variation","3 plus 30",add,3,30
en,"magnitude variation","4 plus 40",add,4,40
en,"magnitude variation","5 plus 50",add,5,50
en,"magnitude variation","6 plus 60",add,6,60
en,"magnitude variation","7 plus 70",add,7,70
en,"magnitude variation","8 plus 80",add,8,80
en,"magnitude variation","9 plus 90",add,9,90
en,"magnitude variation","10 plus 100",add,10,100
en,"magnitude variation","20 plus 200",add,20,200
en,"magnitude variation","30 plus 300",add,30,300
en,"magnitude variation","40 plus 400",add,40,400
en,"magnitude variation","50 plus 500",add,50,500
en,"magnitude variation","60 plus 600",add,60,600
en,"magnitude variation","70 plus 700",add,70,700
en,"magnitude variation","80 plus 800",add,80,800
en,"magnitude variation","90 plus 900",add,90,900
en,"magnitude variation","100 plus 1000",add,100,1000
en,"magnitude variation","200 plus 2000",add,200,2000
en,"magnitude variation","300 plus 3000",add,300,3000
en,"magnitude variation","400 plus 4000",add,400,4000
en,"magnitude variation","500 plus 5000",add,500,5000
en,"magnitude variation","600 plus 6000",add,600,6000
en,"magnitude variation","700 plus 7000",add,700,7000
en,"magnitude variation","800 plus 8000",add,800,8000
en,"magnitude variation","900 plus 9000",add,900,9000
en,"magnitude variation","1000 plus 10000",add,1000,10000
en,"magnitude variation","5000 plus 50000",add,5000,50000
en,"magnitude variation","10000 plus 100000",add,10000,100000
en,"magnitude variation","100000 plus 1000000",add,100000,1000000
en,units,"In the school fundraiser, one hundred and twenty-three tickets were sold on Monday and forty-six on Tuesday, what's the total?",add,123,46
en,units,"For the quilt I used two hundred and eighteen blue squares and thirty-five green squares, how many squares in total?",add,218,35
en,units,"Add up the trip distance: three hundred and seven miles on the highway and twenty-nine on back roads",add,307,29
en,units,"The grocery bill from produce was one hundred and sixteen dollars and from the deli was twenty-two dollars, what's the combined total?",add,116,22
en,units,"The sprint had two hundred and eighty-four story points planned and the team completed sixty-one, how many points remain?",subtract,284,61
en,units,"The semester requires one hundred and ninety-two hours of lab work, and I've logged thirty-eight so far, how many hours are left?",subtract,192,38
en,units,"I bought one hundred and seventy-five beads for the bracelet and used one hundred and twelve, how many are left over?",subtract,175,112
en,units,"The couch was priced at three hundred and sixty dollars and the store took off forty-five for the sale, what's the sale price?",subtract,360,45
en,units,"Each server rack draws one hundred and thirty-six watts, how many watts do eight racks draw?",multiply,136,8
en,units,"Each classroom needs one hundred and twenty-four textbooks, how many textbooks for six classrooms?",multiply,124,6
en,units,"Each scarf takes one hundred and eighteen yards of yarn, how much yarn do four scarves need?",multiply,118,4
en,units,"The truck can carry two hundred and nine crates per trip, how many crates in three trips?",multiply,209,3
en,units,"The department needs to split three hundred and sixty dollars in office supplies evenly among nine teams, how much per team?",divide,360,9
en,units,"There are two hundred and sixteen students to split evenly into eight classes, how many students per class?",divide,216,8
en,units,"I have one hundred and forty-four beads to divide evenly among six bracelets, how many beads per bracelet?",divide,144,6
en,units,"The shipment of two hundred and ten mugs needs to be packed into boxes of fourteen, how many boxes are needed?",divide,210,14
en,units,"Fourteen customers checked in before noon and twenty-two after noon, what's the total number of guests?",add,14,22
en,units,"The classroom has twelve boys and fifteen girls, how many students are there in total?",add,12,15
en,units,"I knitted eight rows before dinner and eleven rows after, how many rows did I finish today?",add,8,11
en,units,"We drove ninety miles before lunch and sixty miles after, what's the total distance for the day?",add,90,60
en,units,"The first store had thirteen jackets in stock and the second store had twenty-one, how many jackets between the two stores?",add,13,21
en,units,"The design team finished nineteen mockups this week and the dev team finished twenty-six, what's the combined output?",add,19,26
en,units,"Nine bugs were fixed on Monday and fourteen more on Tuesday, how many bugs are fixed so far?",add,9,14
en,units,"The vineyard harvested three hundred and ten pounds of grapes from the north field and two hundred and eighty from the south field, what's the total harvest?",add,310,280
en,units,"One class read twenty-three books over the summer and another class read seventeen, what's the combined count?",add,23,17
en,units,"The first coat of paint used two point five gallons and the second coat used one point eight, how much paint was used in total?",add,2.5,1.8
en,units,"The delivery van dropped off forty-five packages downtown and thirty-two in the suburbs, how many packages were delivered altogether?",add,45,32
en,units,"The morning shift sold sixteen loaves and the evening shift sold twenty-nine, what's the day's total?",add,16,29
en,units,"I walked two point three miles in the morning and one point six miles in the evening, what's my total distance for the day?",add,2.3,1.6
en,units,"I swam eight hundred meters on Monday and six hundred on Wednesday, how far did I swim this week?",add,800,600
en,units,"The workshop had thirty-one attendees in the first session and eighteen in the second, how many people came through in total?",add,31,18
en,units,"The carpenter cut twenty-six boards on Thursday and thirty-three on Friday, how many boards were cut across both days?",add,26,33
en,"alternative wordings","Add another 12 pages to the 48 we've already written",add,48,12
en,"alternative wordings","Pile on another 7 crates on top of the 33 we already loaded",add,33,7
en,"alternative wordings","Tack on another 9 dollars to the 61 we've already spent",add,61,9
en,"alternative wordings","We already drove 150 miles, tack on another 40 for the detour",add,150,40
en,"alternative wordings","There were already 88 emails in the inbox, and 6 more just came in",add,88,6
en,"alternative wordings","We've already planted 27 trees, plant another 13 today",add,27,13
en,"alternative wordings","The invoice already totals 210 dollars, add another 35 for shipping",add,210,35
en,"alternative wordings","We already had 19 volunteers, sign up another 8 for the weekend",add,19,8
en,"whole numbers","What is two hundred and fourteen take away thirty-eight?",subtract,214,38
en,"whole numbers","Take fifty-six away from three hundred and one",subtract,301,56
en,"whole numbers","What's four hundred and thirty take away ninety-seven?",subtract,430,97
en,"whole numbers","Nine hundred and twelve take away three hundred and six, what's left?",subtract,912,306
en,"alternative wordings","What's thirteen times itself?",multiply,13,13
en,"alternative wordings","What does thirty-six times itself equal?",multiply,36,36
en,"alternative wordings","Multiply seven by itself",multiply,7,7
en,"alternative wordings","What's one hundred and four times itself?",multiply,104,104
en,"magnitude variation","subtract 20 from 2",subtract,2,20
en,"magnitude variation","subtract 60 from 6",subtract,6,60
en,"magnitude variation","subtract 500 from 50",subtract,50,500
en,"magnitude variation","subtract 9000 from 900",subtract,900,9000
en,"magnitude variation","subtract 3 from 30",subtract,30,3
en,"magnitude variation","subtract 7 from 70",subtract,70,7
en,"magnitude variation","subtract 40 from 400",subtract,400,40
en,"magnitude variation","subtract 600 from 6000",subtract,6000,600
en,"magnitude variation","divide 5 by 50",divide,5,50
en,"magnitude variation","divide 8 by 80",divide,8,80
en,"magnitude variation","divide 30 by 300",divide,30,300
en,"magnitude variation","divide 90 by 900",divide,90,900
en,"magnitude variation","divide 400 by 4",divide,400,4
en,"magnitude variation","divide 700 by 7",divide,700,7
en,"magnitude variation","divide 6000 by 60",divide,6000,60
en,"magnitude variation","divide 50 by 5000",divide,50,5000
zh,"万 and 亿 magnitudes","Made 30 thousand last year and 50 thousand this year, what does that add up to?",add,30000,50000
zh,"万 and 亿 magnitudes","35 thousand add 12 thousand equals how much",add,35000,12000
zh,"万 and 亿 magnitudes","The video got 25 thousand views yesterday and 38 thousand today, what's the running total?",add,25000,38000
zh,"万 and 亿 magnitudes","Beijing apartment is 5 million, the parking space next to it 300 thousand, buy together need how much money?",add,5000000,300000
zh,"万 and 亿 magnitudes","a hundred million plus 50 million",add,100000000,50000000
zh,"万 and 亿 magnitudes","50 million less 20 million, what's left",subtract,50000000,20000000
zh,"万 and 亿 magnitudes","100 million subtract 30 million equal how much",subtract,100000000,30000000
zh,"万 and 亿 magnitudes","I had 80 thousand saved and the car set me back 55 thousand, how much is left in the account?",subtract,80000,55000
zh,"万 and 亿 magnitudes","12,000 people in the village and 4000 went off to work in the cities, how many are still home?",subtract,12000,4000
zh,"万 and 亿 magnitudes","Company registered capital 3 million, already received 1.2 million, still lack how much?",subtract,3000000,1200000
zh,"万 and 亿 magnitudes","what's 25 thousand times four",multiply,25000,4
zh,"万 and 亿 magnitudes","My salary one month 15 thousand, one year 12 months, so year salary is how much?",multiply,15000,12
zh,"万 and 亿 magnitudes","Eight of us each chipped in 30 thousand, what's the grand total?",multiply,30000,8
zh,"万 and 亿 magnitudes","Triple 150 million",multiply,150000000,3
zh,"万 and 亿 magnitudes","The Spring Festival rush moves 20 million travelers a day for 40 days, how many trips is that in total?",multiply,20000000,40
zh,"万 and 亿 magnitudes","120 million split 4 ways",divide,120000000,4
zh,"万 and 亿 magnitudes","100 thousand divide 50 thousand is how many?",divide,100000,50000
zh,"万 and 亿 magnitudes","A 6 million project split evenly between three partners, what's each one's cut?",divide,6000000,3
zh,"万 and 亿 magnitudes","Spread 1.4 billion people evenly across ten provinces, how many per province?",divide,1400000000,10
zh,"万 and 亿 magnitudes","Prize pool one hundred million RMB, average give 2000 people, each people get how much?",divide,100000000,2000
zh,"colloquial money","three bucks fifty plus two bucks fifty",add,3.5,2.5
zh,"colloquial money","Groceries were 12.80 and the fruit was 25.50, what's the damage?",add,12.8,25.5
zh,"colloquial money","Breakfast baozi 3.5 yuan, soy milk 2 yuan, altogether how much money?",add,3.5,2
zh,"colloquial money","Two red packets came in on WeChat, one 5.20 and one 8.80, what's that all together?",add,5.2,8.8
zh,"colloquial money","Milk tea is 13.5 kuai, add pearls 2 kuai, so total how much?",add,13.5,2
zh,"colloquial money","Handed over 50 bucks for something that cost 32.50, how much change do I get back?",subtract,50,32.5
zh,"colloquial money","200 in the red envelope, 88.80 already given out, what's left?",subtract,200,88.8
zh,"colloquial money","Apples cost me 8.50 out of a hundred bucks, how much do I have left?",subtract,100,8.5
zh,"colloquial money","10 bucks minus 75 cents, what's left",subtract,10,0.75
zh,"colloquial money","Taxi fare was 25 and the coupon knocks off 3.50, what do I really pay?",subtract,25,3.5
zh,"colloquial money","Original price 200 kuai, give 20 percent discount, how much is the price now?",multiply,200,0.8
zh,"colloquial money","The jacket was 399 and it's 25% off, what's the sale price?",multiply,399,0.75
zh,"colloquial money","Sneakers I grabbed on Singles' Day, 600 yuan marked half off, what's my bill?",multiply,600,0.5
zh,"colloquial money","Rate is 7.2 today, so 300 US dollars is how many yuan?",multiply,300,7.2
zh,"colloquial money","Twelve red packets at 6.60 apiece, how much am I out in total?",multiply,6.6,12
zh,"colloquial money","Lollipops go for half a buck apiece, how much for thirty?",multiply,0.5,30
zh,"colloquial money","Reunion dinner came to 168 and the six of us are going Dutch, what's each person's share?",divide,168,6
zh,"colloquial money","One mooncake gift box 98.8 yuan, 4 families share equally, each family pay how much?",divide,98.8,4
zh,"colloquial money","50 yuan can buy how many 2.5 yuan buns?",divide,50,2.5
zh,"colloquial money","88.8 in the red packet, 8 people sharing it equally, how much each?",divide,88.8,8
zh,"half, double and fractions","Cut 36 in half",divide,36,2
zh,"half, double and fractions","The 260 yuan set menu is half price today, what do I pay?",divide,260,2
zh,"half, double and fractions","Give me 88 doubled",multiply,88,2
zh,"half, double and fractions","Orders double, before is 450, now how many?",multiply,450,2
zh,"half, double and fractions","240, one third of it is how much?",divide,240,3
zh,"half, double and fractions","What's a quarter of 600?",divide,600,4
zh,"half, double and fractions","a fifth of fifteen hundred",divide,1500,5
zh,"half, double and fractions","Shrink 960 down to a third of what it is",divide,960,3
zh,"half, double and fractions","Blow 75 up to 4 times its size",multiply,75,4
zh,"half, double and fractions","12's 3 times is how much?",multiply,12,3
zh,"half, double and fractions","What's four times as much as 45?",multiply,45,4
zh,"half, double and fractions","an hour and a half times four",multiply,1.5,4
zh,"half, double and fractions","Walking two and a half hours a day for 6 days, how many hours in all?",multiply,2.5,6
zh,"half, double and fractions","3 and half jin add 2 and half jin equal how many jin?",add,3.5,2.5
zh,"half, double and fractions","Picked up two and a half pounds of ribs and a pound and a half of wings, how many pounds total?",add,2.5,1.5
zh,"half, double and fractions","Five and a half months at twenty-three hundred a month, what's the total?",multiply,5.5,2300
zh,"half, double and fractions","A pound and a half of fish split three ways, how much does each person get?",divide,1.5,3
zh,"half, double and fractions","4 and a half hours of class with an hour and a half break, how long was the actual class time?",subtract,4.5,1.5
zh,"half, double and fractions","Red packet doubled, original was 200 yuan, now how much is it?",multiply,200,2
zh,"half, double and fractions","Teaching a three and a half hour class at 120 an hour, what do I make?",multiply,3.5,120
zh,"comparison idioms","Xiaoming is 172 centimeters and Xiaohua is 165, Xiaoming taller by how many?",subtract,172,165
zh,"comparison idioms","Beijing is 60,000 a square meter and Chengdu is 15,000, how much pricier is Beijing?",subtract,60000,15000
zh,"comparison idioms","This month sell 320, last month 280, this month more sell how many?",subtract,320,280
zh,"comparison idioms","Profit was 1.5 million this year against 1.8 million last year, how far down are we?",subtract,1800000,1500000
zh,"comparison idioms","How much less is 35 than 50?",subtract,50,35
zh,"comparison idioms","Dad 75 kilos, mom 58 kilos, the weight difference is how many?",subtract,75,58
zh,"comparison idioms","120 is how many times 30?",divide,120,30
zh,"comparison idioms","This year output 9 million jin, last year 3 million jin, this year is how many times of last year?",divide,9000000,3000000
zh,"comparison idioms","150 is how many twenty-fives?",divide,150,25
zh,"comparison idioms","What's 12 more than 80?",add,80,12
zh,"comparison idioms","What number is 45 shy of 200?",subtract,200,45
zh,"comparison idioms","3000 more than ten thousand",add,10000,3000
zh,"comparison idioms","Big brother saved 50 thousand and little brother saved 32 thousand, how much more did big brother put away?",subtract,50000,32000
zh,"comparison idioms","My cousin got 92 and I got 85, how many points behind am I?",subtract,92,85
zh,"comparison idioms","Apples are 8 bucks a pound, oranges are 5 and a half, how much pricier are the apples?",subtract,8,5.5
zh,"comparison idioms","This road is 45 kilometers, that road 18, this one is how many times that one?",divide,45,18
zh,"comparison idioms","He makes 600k a year and I make 150k, so he makes how many times what I make?",divide,600000,150000
zh,"comparison idioms","I'm 35, my son's 7, what's the age gap?",subtract,35,7
zh,"comparison idioms","Eggs are 4.50 a pound at the supermarket and 3.80 at the wet market, how much extra am I paying at the supermarket?",subtract,4.5,3.8
zh,"comparison idioms","How much more is 100 million than 30 million?",subtract,100000000,30000000
zh,"formal operation nouns","12 and 4, the product is how much?",multiply,12,4
zh,"formal operation nouns","What's the quotient of 36 and 9?",divide,36,9
zh,"formal operation nouns","The sum of 85 and 27",add,85,27
zh,"formal operation nouns","What's the difference between 100 and 58?",subtract,100,58
zh,"formal operation nouns","Homework question: dividend 84, divisor 7, find the quotient",divide,84,7
zh,"formal operation nouns","Minuend is 90, subtrahend is 35, what's the difference?",subtract,90,35
zh,"formal operation nouns","The multiplicand is 25, multiplier is 8, product is how much?",multiply,25,8
zh,"formal operation nouns","The addends are 47 and 38, find the sum",add,47,38
zh,"formal operation nouns","Work out the sum of fifteen and 27",add,15,27
zh,"formal operation nouns","Need the quotient of 48 and 6",divide,48,6
zh,"formal operation nouns","Get me the product of 13 and 9",multiply,13,9
zh,"formal operation nouns","Difference of 200 and 75?",subtract,200,75
zh,"formal operation nouns","Compute the product of 125 and 8",multiply,125,8
zh,"formal operation nouns","What do you get when you divide 96 by 4?",divide,96,4
zh,"formal operation nouns","Give me the sum of two point five and 1.5",add,2.5,1.5
zh,"formal operation nouns","0.8 and 0.5, what's the difference?",subtract,0.8,0.5
zh,"formal operation nouns","What's the sum of 30 thousand and 25 thousand?",add,30000,25000
zh,"formal operation nouns","What's the product of 2.4 and five?",multiply,2.4,5
zh,"formal operation nouns","The quotient of 1000 and 250 is how much?",divide,1000,250
zh,"formal operation nouns","Give me the quotient of 4.5 and 0.9",divide,4.5,0.9
zh,"symbols and no punctuation","3 + 4 =",add,3,4
zh,"symbols and no punctuation","12 - 5 = ?",subtract,12,5
zh,"symbols and no punctuation","6 x 7",multiply,6,7
zh,"symbols and no punctuation","20 ÷ 4",divide,20,4
zh,"symbols and no punctuation","8x9 equals what",multiply,8,9
zh,"symbols and no punctuation",15+27=?,add,15,27
zh,"symbols and no punctuation","100 – 36 =",subtract,100,36
zh,"symbols and no punctuation","9 × 12",multiply,9,12
zh,"symbols and no punctuation",144/12,divide,144,12
zh,"symbols and no punctuation","23 plus 19 equals how much",add,23,19
zh,"symbols and no punctuation","50 multiply 6",multiply,50,6
zh,"symbols and no punctuation","81 divided by 9 equals what",divide,81,9
zh,"symbols and no punctuation",7.5+2.5,add,7.5,2.5
zh,"symbols and no punctuation",0.5*0.6,multiply,0.5,0.6
zh,"symbols and no punctuation","3.6 / 0.6",divide,3.6,0.6
zh,"symbols and no punctuation","25 + 75 equals",add,25,75
zh,"symbols and no punctuation","90 − 45",subtract,90,45
zh,"symbols and no punctuation","360 divide by 6",divide,360,6
zh,"symbols and no punctuation","45 times 22",multiply,45,22
zh,"symbols and no punctuation","4.2 minus 1.7",subtract,4.2,1.7
zh,"numeral leakage","three plus four",add,3,4
zh,"numeral leakage","five multiplied by seven",multiply,5,7
zh,"numeral leakage","nine minus two, equals what",subtract,9,2
zh,"numeral leakage","Double thirty-six",multiply,36,2
zh,"numeral leakage","200 plus three hundred",add,200,300
zh,"numeral leakage","take five hundred off two thousand",subtract,2000,500
zh,"numeral leakage","123 plus forty-five",add,123,45
zh,"numeral leakage","three hundred fifty minus a hundred and twenty",subtract,350,120
zh,"numeral leakage","fifteen times 20",multiply,15,20
zh,"numeral leakage","eighty divide by four",divide,80,4
zh,"numeral leakage","3.5 add two point five",add,3.5,2.5
zh,"numeral leakage","10.2 minus three point eight",subtract,10.2,3.8
zh,"numeral leakage","600 bucks split between two people, how much each?",divide,600,2
zh,"numeral leakage","I bought thirty apples at 5 bucks each, what do I owe?",multiply,30,5
zh,"numeral leakage","3 thousand add 5 hundred",add,3000,500
zh,"numeral leakage","forty-eight hundred minus twelve hundred",subtract,4800,1200
zh,"numeral leakage","12 squared, what is it",multiply,12,12
zh,"numeral leakage","twenty five thousand plus 15,000",add,25000,15000
zh,"numeral leakage","a hundred and fifty divided by six",divide,150,6
zh,"numeral leakage","two hundred fifty multiply four",multiply,250,4
zh,"ASR homophone errors","10 mine us 3",subtract,10,3
zh,"ASR homophone errors","25 minus ate equals what",subtract,25,8
zh,"ASR homophone errors","60 minis 15",subtract,60,15
zh,"ASR homophone errors","6 thymes 7",multiply,6,7
zh,"ASR homophone errors","12 time's 8 equals what",multiply,12,8
zh,"ASR homophone errors","40 multiplied buy 5",multiply,40,5
zh,"ASR homophone errors","35 divided bye 7",divide,35,7
zh,"ASR homophone errors","72 divided be 8",divide,72,8
zh,"ASR homophone errors","100 divide it by 4",divide,100,4
zh,"ASR homophone errors","18 place 27",add,18,27
zh,"ASR homophone errors","45 ad 12 equals what",add,45,12
zh,"ASR homophone errors","what is 8 scared",multiply,8,8
zh,"ASR homophone errors","15 square",multiply,15,15
zh,"ASR homophone errors","24 tree times",multiply,24,3
zh,"ASR homophone errors","what is for times 60",multiply,60,4
zh,"ASR homophone errors","one thirds of 90",divide,90,3
zh,"ASR homophone errors","5.5 time 2",multiply,5.5,2
zh,"ASR homophone errors","70,000 miners 20,000",subtract,70000,20000
zh,"ASR homophone errors","300 devised by 12",divide,300,12
zh,"ASR homophone errors","56 plus 40 for",add,56,44
